Question,Participant,Response
Q10.1,1,D. Increasing mesh size in multiple types of fishing gear
Q10.2,1,https://www.conservationevidence.com/actions/2697
Q10.3_Click Count,1,5
Q10.3_First Click,1,1.265
Q10.3_Last Click,1,488.096
Q10.3_Page Submit,1,489.138
Q11.1,1,A. Reduced catch of non-commercial invertebrates
Q11.2,1,https://www.conservationevidence.com/actions/2131
Q11.3_Click Count,1,2
Q11.3_First Click,1,138.998
Q11.3_Last Click,1,139.757
Q11.3_Page Submit,1,153.826
Q12.1,1,B. Higher invertebrate abundance
Q12.2,1,https://www.conservationevidence.com/actions/2071
Q12.3_Click Count,1,3
Q12.3_First Click,1,28.645
Q12.3_Last Click,1,77.147
Q12.3_Page Submit,1,80.598
Q13.1,1,C. More than 90% survival rate
Q13.2,1,https://www.conservationevidence.com/actions/1818
Q13.3_Click Count,1,4
Q13.3_First Click,1,5845.254
Q13.3_Last Click,1,5859.694
Q13.3_Page Submit,1,5905.174
Q14.1,1,B. Use chemical treatments without fallowing
Q14.2,1,https://www.conservationevidence.com/actions/738
Q14.3_Click Count,1,3
Q14.3_First Click,1,197.847
Q14.3_Last Click,1,220.071
Q14.3_Page Submit,1,241.664
Q15.1,1,A. Monitoring parasitism rates to inform spraying decisions
Q15.2,1,https://www.conservationevidence.com/actions/726
Q15.3_Click Count,1,3
Q15.3_First Click,1,104.766
Q15.3_Last Click,1,827.029
Q15.3_Page Submit,1,828.623
Q16.1,1,B. Older plots have more birds and bird species
Q16.2,1,https://www.conservationevidence.com/actions/360
Q16.3_Click Count,1,
Q16.3_First Click,1,
Q16.3_Last Click,1,
Q16.3_Page Submit,1,
Q17.1,1,B. It may reduce water runoff and increase water storage
Q17.2,1,https://www.conservationevidence.com/actions/907
Q17.3_Click Count,1,2
Q17.3_First Click,1,96.712
Q17.3_Last Click,1,102.053
Q17.3_Page Submit,1,103.61
Q18.1,1,B. Its effectiveness may vary depending on the species and local conditions
Q18.2,1,https://www.conservationevidence.com/actions/1519
Q18.3_Click Count,1,3
Q18.3_First Click,1,1.85
Q18.3_Last Click,1,66.583
Q18.3_Page Submit,1,75.206
Q19.1,1,"A. Mixed effects on density and height, with reduced survival"
Q19.2,1,https://www.conservationevidence.com/actions/3352
Q19.3_Click Count,1,
Q19.3_First Click,1,
Q19.3_Last Click,1,
Q19.3_Page Submit,1,
Q20.1,1,A. Stopping spraying and mowing increases northern pearl crescent abundance
Q20.2,1,https://www.conservationevidence.com/actions/3855
Q20.3_Click Count,1,2
Q20.3_First Click,1,359.512
Q20.3_Last Click,1,396.694
Q20.3_Page Submit,1,427.161
Q21.1,1,B. Flower patches may not increase bee populations in the wider landscape
Q21.2,1,https://www.conservationevidence.com/actions/17
Q21.3_Click Count,1,2
Q21.3_First Click,1,185.065
Q21.3_Last Click,1,187.021
Q21.3_Page Submit,1,208.19
Q22.1,1,D. The impacts of group-selection harvesting vary depending on specific forest characteristics and study locations
Q22.2,1,https://www.conservationevidence.com/actions/1224
Q22.3_Click Count,1,3
Q22.3_First Click,1,6.657
Q22.3_Last Click,1,65.804
Q22.3_Page Submit,1,97.715
Q23.1,1,A. Higher concentrations and higher temperatures
Q23.2,1,https://www.conservationevidence.com/actions/1118
Q23.3_Click Count,1,2
Q23.3_First Click,1,136.644
Q23.3_Last Click,1,138.751
Q23.3_Page Submit,1,144.265
Q24.1,1,C. Variable responses of different herb species
Q24.2,1,https://www.conservationevidence.com/actions/1779
Q24.3_Click Count,1,2
Q24.3_First Click,1,129.836
Q24.3_Last Click,1,134.381
Q24.3_Page Submit,1,140.771
Q25.1,1,A. Possible decrease in survival for some shark species
Q25.2,1,https://www.conservationevidence.com/actions/2699
Q25.3_Click Count,1,2
Q25.3_First Click,1,156.463
Q25.3_Last Click,1,199.082
Q25.3_Page Submit,1,200.823
Q26.1,1,B. It either reduces or does not alter the density of sown forb species
Q26.2,1,https://www.conservationevidence.com/actions/3433
Q26.3_Click Count,1,
Q26.3_First Click,1,
Q26.3_Last Click,1,
Q26.3_Page Submit,1,
Q27.1,1,D. Increased plant diversity and species richness
Q27.2,1,https://www.conservationevidence.com/actions/594
Q27.3_Click Count,1,2
Q27.3_First Click,1,288.052
Q27.3_Last Click,1,294.284
Q27.3_Page Submit,1,306.161
Q28.1,1,D. Increasing both electrical pulse duration and voltage
Q28.2,1,https://www.conservationevidence.com/actions/1074
Q28.3_Click Count,1,5
Q28.3_First Click,1,148.381
Q28.3_Last Click,1,157.379
Q28.3_Page Submit,1,158.736
Q29.1,1,C. Mackerel
Q29.2,1,https://www.conservationevidence.com/actions/3612
Q29.3_Click Count,1,2
Q29.3_First Click,1,305.643
Q29.3_Last Click,1,308.472
Q29.3_Page Submit,1,309.56
Q30.1,1,D. Variably effective depending on the species of cleaner wrasse
Q30.2,1,https://www.conservationevidence.com/actions/738
Q30.3_Click Count,1,2
Q30.3_First Click,1,24.98
Q30.3_Last Click,1,33.119
Q30.3_Page Submit,1,33.869
Q31.1,1,"A. Unknown effectiveness, with mixed results across studies"
Q31.2,1,https://www.conservationevidence.com/actions/1524
Q31.3_Click Count,1,2
Q31.3_First Click,1,59.131
Q31.3_Last Click,1,69.311
Q31.3_Page Submit,1,79.269
Q32.1,1,B. Leaving the headlands unfertilized
Q32.2,1,https://www.conservationevidence.com/actions/652
Q32.3_Click Count,1,3
Q32.3_First Click,1,326.617
Q32.3_Last Click,1,390.999
Q32.3_Page Submit,1,391.828
Q33.1,1,A. Increased understory biomass
Q33.2,1,https://www.conservationevidence.com/actions/1207
Q33.3_Click Count,1,4
Q33.3_First Click,1,23.843
Q33.3_Last Click,1,121.304
Q33.3_Page Submit,1,123.846
Q34.1,1,D. Creation of corridors for reptile movement and habitat connectivity
Q34.2,1,https://www.conservationevidence.com/actions/3586
Q34.3_Click Count,1,2
Q34.3_First Click,1,46.226
Q34.3_Last Click,1,69.714
Q34.3_Page Submit,1,70.985
Q35.1,1,A. Using shielded 'full cut-off' lights with blinds
Q35.2,1,https://www.conservationevidence.com/actions/3904
Q35.3_Click Count,1,3
Q35.3_First Click,1,133.044
Q35.3_Last Click,1,149.052
Q35.3_Page Submit,1,240.43
Q36.1,1,D. Increased growth rates of nearby shellfish species
Q36.2,1,https://www.conservationevidence.com/actions/932
Q36.3_Click Count,1,2
Q36.3_First Click,1,97.824
Q36.3_Last Click,1,98.648
Q36.3_Page Submit,1,102.115
Q37.1,1,D. Increase in Sphagnum moss cover
Q37.2,1,https://www.conservationevidence.com/actions/1779
Q37.3_Click Count,1,4
Q37.3_First Click,1,7.322
Q37.3_Last Click,1,92.165
Q37.3_Page Submit,1,94.092
Q38.1,1,C. Increased survival rates of released individuals
Q38.2,1,https://www.conservationevidence.com/actions/2924
Q38.3_Click Count,1,4
Q38.3_First Click,1,38.283
Q38.3_Last Click,1,275.224
Q38.3_Page Submit,1,342.617
Q39.1,1,D. Increase in shrub abundance or cover
Q39.2,1,https://www.conservationevidence.com/actions/1607
Q39.3_Click Count,1,2
Q39.3_First Click,1,211.776
Q39.3_Last Click,1,271.319
Q39.3_Page Submit,1,272.89
Q4.1,1,B. Completely excluding off-road vehicles and livestock grazing using fencing
Q4.2,1,https://www.conservationevidence.com/actions/3502
Q4.3_Click Count,1,6
Q4.3_First Click,1,6.017
Q4.3_Last Click,1,391.836
Q4.3_Page Submit,1,397.437
Q40.1,1,B. Reduced basal area of trees
Q40.2,1,https://www.conservationevidence.com/actions/1722
Q40.3_Click Count,1,
Q40.3_First Click,1,
Q40.3_Last Click,1,
Q40.3_Page Submit,1,
Q41.1,1,B. Increased combined macroalgae and invertebrate species diversity
Q41.2,1,https://www.conservationevidence.com/actions/3448
Q41.3_Click Count,1,2
Q41.3_First Click,1,177.944
Q41.3_Last Click,1,199.338
Q41.3_Page Submit,1,200.945
Q42.1,1,A. Increased activity levels and tool use
Q42.2,1,https://www.conservationevidence.com/actions/1320
Q42.3_Click Count,1,6
Q42.3_First Click,1,200.967
Q42.3_Last Click,1,436.292
Q42.3_Page Submit,1,438.329
Q43.1,1,B. Increased weed abundance
Q43.2,1,https://www.conservationevidence.com/actions/126
Q43.3_Click Count,1,4
Q43.3_First Click,1,133.762
Q43.3_Last Click,1,167.801
Q43.3_Page Submit,1,168.85
Q44.1,1,"C. The effectiveness of traditional orchards for bird conservation is currently unknown, with limited evidence showing no clear benefits"
Q44.2,1,https://www.conservationevidence.com/actions/240
Q44.3_Click Count,1,2
Q44.3_First Click,1,48.975
Q44.3_Last Click,1,63.569
Q44.3_Page Submit,1,79.138
Q45.1,1,C. Planting patches of native flowering plants within orchards
Q45.2,1,https://www.conservationevidence.com/actions/17
Q45.3_Click Count,1,4
Q45.3_First Click,1,46.977
Q45.3_Last Click,1,146.385
Q45.3_Page Submit,1,148.372
Q46.1,1,A. Retaining forested corridors with emphasis on their edge habitats
Q46.2,1,https://www.conservationevidence.com/actions/995
Q46.3_Click Count,1,3
Q46.3_First Click,1,279.556
Q46.3_Last Click,1,298.994
Q46.3_Page Submit,1,314.815
Q47.1,1,C. The devices were ineffective in deterring any of the studied species from roads
Q47.2,1,https://www.conservationevidence.com/actions/2606
Q47.3_Click Count,1,3
Q47.3_First Click,1,125.843
Q47.3_Last Click,1,131.867
Q47.3_Page Submit,1,133.292
Q48.1,1,B. Enhancing physical barriers around bomas
Q48.2,1,https://www.conservationevidence.com/actions/2415
Q48.3_Click Count,1,7
Q48.3_First Click,1,107.508
Q48.3_Last Click,1,367.994
Q48.3_Page Submit,1,388.126
Q5.1,1,D. Increased mobile invertebrate abundance on structure surfaces
Q5.2,1,https://www.conservationevidence.com/actions/3468
Q5.3_Click Count,1,2
Q5.3_First Click,1,40.013
Q5.3_Last Click,1,95.49
Q5.3_Page Submit,1,111.582
Q6.1,1,B. Colonization by macroalgae and limpets
Q6.2,1,https://www.conservationevidence.com/actions/3435
Q6.3_Click Count,1,2
Q6.3_First Click,1,265.869
Q6.3_Last Click,1,266.957
Q6.3_Page Submit,1,268.049
Q7.1,1,A. Higher plant species richness
Q7.2,1,https://www.conservationevidence.com/actions/3400
Q7.3_Click Count,1,2
Q7.3_First Click,1,94.554
Q7.3_Last Click,1,171.517
Q7.3_Page Submit,1,172.337
Q8.1,1,B. Maintain the vegetation as scrub
Q8.2,1,https://conservationevidence.com/actions/31
Q8.3_Click Count,1,2
Q8.3_First Click,1,29.481
Q8.3_Last Click,1,39.683
Q8.3_Page Submit,1,46.797
Q9.1,1,D. Increased plant species richness
Q9.2,1,https://www.conservationevidence.com/actions/3027
Q9.3_Click Count,1,2
Q9.3_First Click,1,268.724
Q9.3_Last Click,1,341.656
Q9.3_Page Submit,1,343.099
Q10.1,2,D. Increasing mesh size in multiple types of fishing gear
Q10.2,2,https://www.conservationevidence.com/actions/2697
Q10.3_Click Count,2,2
Q10.3_First Click,2,194.323
Q10.3_Last Click,2,260.114
Q10.3_Page Submit,2,261.549
Q11.1,2,A. Reduced catch of non-commercial invertebrates
Q11.2,2,https://www.conservationevidence.com/actions/2131
Q11.3_Click Count,2,2
Q11.3_First Click,2,46.639
Q11.3_Last Click,2,56.175
Q11.3_Page Submit,2,57.061
Q12.1,2,B. Higher invertebrate abundance
Q12.2,2,https://www.conservationevidence.com/actions/2071
Q12.3_Click Count,2,3
Q12.3_First Click,2,110.574
Q12.3_Last Click,2,140.86
Q12.3_Page Submit,2,154.217
Q13.1,2,C. More than 90% survival rate
Q13.2,2,https://www.conservationevidence.com/actions/1818
Q13.3_Click Count,2,2
Q13.3_First Click,2,71.815
Q13.3_Last Click,2,73.742
Q13.3_Page Submit,2,75.371
Q14.1,2,C. Adopt a fallowing period of at least 16 weeks
Q14.2,2,https://www.conservationevidence.com/actions/1026
Q14.3_Click Count,2,2
Q14.3_First Click,2,157.733
Q14.3_Last Click,2,160.805
Q14.3_Page Submit,2,162.411
Q15.1,2,A. Monitoring parasitism rates to inform spraying decisions
Q15.2,2,https://www.conservationevidence.com/actions/726
Q15.3_Click Count,2,2
Q15.3_First Click,2,225.66
Q15.3_Last Click,2,233.749
Q15.3_Page Submit,2,235.204
Q16.1,2,D. Younger plots have higher bird species diversity
Q16.2,2,https://www.conservationevidence.com/actions/356
Q16.3_Click Count,2,2
Q16.3_First Click,2,197.446
Q16.3_Last Click,2,200.435
Q16.3_Page Submit,2,202.073
Q17.1,2,B. It may reduce water runoff and increase water storage
Q17.2,2,https://www.conservationevidence.com/actions/907
Q17.3_Click Count,2,2
Q17.3_First Click,2,109.965
Q17.3_Last Click,2,127.501
Q17.3_Page Submit,2,128.61
Q18.1,2,B. Its effectiveness may vary depending on the species and local conditions
Q18.2,2,https://www.conservationevidence.com/actions/1519
Q18.3_Click Count,2,2
Q18.3_First Click,2,115.285
Q18.3_Last Click,2,119.429
Q18.3_Page Submit,2,121.46
Q19.1,2,"A. Mixed effects on density and height, with reduced survival"
Q19.2,2,https://www.conservationevidence.com/actions/3352
Q19.3_Click Count,2,2
Q19.3_First Click,2,114.992
Q19.3_Last Click,2,128.504
Q19.3_Page Submit,2,130.213
Q20.1,2,A. Stopping spraying and mowing increases northern pearl crescent abundance
Q20.2,2,https://www.conservationevidence.com/actions/3855
Q20.3_Click Count,2,5
Q20.3_First Click,2,148.27
Q20.3_Last Click,2,352.916
Q20.3_Page Submit,2,354.582
Q21.1,2,B. Flower patches may not increase bee populations in the wider landscape
Q21.2,2,https://www.conservationevidence.com/actions/17#
Q21.3_Click Count,2,2
Q21.3_First Click,2,428.291
Q21.3_Last Click,2,431.612
Q21.3_Page Submit,2,434.503
Q22.1,2,D. The impacts of group-selection harvesting vary depending on specific forest characteristics and study locations
Q22.2,2,https://www.conservationevidence.com/actions/1224
Q22.3_Click Count,2,2
Q22.3_First Click,2,83.01
Q22.3_Last Click,2,86.945
Q22.3_Page Submit,2,96.575
Q23.1,2,A. Higher concentrations and higher temperatures
Q23.2,2,https://www.conservationevidence.com/actions/1118
Q23.3_Click Count,2,2
Q23.3_First Click,2,104.069
Q23.3_Last Click,2,112.213
Q23.3_Page Submit,2,113.386
Q24.1,2,C. Variable responses of different herb species
Q24.2,2,https://www.conservationevidence.com/actions/1779
Q24.3_Click Count,2,2
Q24.3_First Click,2,178.291
Q24.3_Last Click,2,188.195
Q24.3_Page Submit,2,189.194
Q25.1,2,A. Possible decrease in survival for some shark species
Q25.2,2,https://www.conservationevidence.com/actions/2699
Q25.3_Click Count,2,2
Q25.3_First Click,2,119.924
Q25.3_Last Click,2,125.076
Q25.3_Page Submit,2,127.049
Q26.1,2,B. It either reduces or does not alter the density of sown forb species
Q26.2,2,https://www.conservationevidence.com/actions/3433
Q26.3_Click Count,2,
Q26.3_First Click,2,
Q26.3_Last Click,2,
Q26.3_Page Submit,2,
Q27.1,2,D. Increased plant diversity and species richness
Q27.2,2,https://www.conservationevidence.com/actions/594
Q27.3_Click Count,2,2
Q27.3_First Click,2,111.445
Q27.3_Last Click,2,123.317
Q27.3_Page Submit,2,124.466
Q28.1,2,D. Increasing both electrical pulse duration and voltage
Q28.2,2,https://www.conservationevidence.com/actions/1074
Q28.3_Click Count,2,2
Q28.3_First Click,2,67.161
Q28.3_Last Click,2,69.863
Q28.3_Page Submit,2,71.26
Q29.1,2,B. Soap
Q29.2,2,https://www.conservationevidence.com/actions/3613
Q29.3_Click Count,2,3
Q29.3_First Click,2,66.722
Q29.3_Last Click,2,216.737
Q29.3_Page Submit,2,218.974
Q30.1,2,D. Variably effective depending on the species of cleaner wrasse
Q30.2,2,https://www.conservationevidence.com/actions/738
Q30.3_Click Count,2,2
Q30.3_First Click,2,104.958
Q30.3_Last Click,2,107.859
Q30.3_Page Submit,2,121.61
Q31.1,2,"A. Unknown effectiveness, with mixed results across studies"
Q31.2,2,https://www.conservationevidence.com/actions/1524
Q31.3_Click Count,2,2
Q31.3_First Click,2,50.052
Q31.3_Last Click,2,54.861
Q31.3_Page Submit,2,56.074
Q32.1,2,B. Leaving the headlands unfertilized
Q32.2,2,https://www.conservationevidence.com/actions/139
Q32.3_Click Count,2,2
Q32.3_First Click,2,202.748
Q32.3_Last Click,2,203.579
Q32.3_Page Submit,2,241.501
Q33.1,2,A. Increased understory biomass
Q33.2,2,https://www.conservationevidence.com/actions/1207
Q33.3_Click Count,2,2
Q33.3_First Click,2,43.397
Q33.3_Last Click,2,46.182
Q33.3_Page Submit,2,47.194
Q34.1,2,D. Creation of corridors for reptile movement and habitat connectivity
Q34.2,2,https://www.conservationevidence.com/actions/3586
Q34.3_Click Count,2,2
Q34.3_First Click,2,89.128
Q34.3_Last Click,2,90.505
Q34.3_Page Submit,2,91.461
Q35.1,2,A. Using shielded 'full cut-off' lights with blinds
Q35.2,2,https://www.conservationevidence.com/actions/3904
Q35.3_Click Count,2,2
Q35.3_First Click,2,97.64
Q35.3_Last Click,2,152.48
Q35.3_Page Submit,2,239.278
Q36.1,2,A. Guaranteed waste consumption by all bivalve species
Q36.2,2,https://www.conservationevidence.com/actions/932
Q36.3_Click Count,2,
Q36.3_First Click,2,
Q36.3_Last Click,2,
Q36.3_Page Submit,2,
Q37.1,2,D. Increase in Sphagnum moss cover
Q37.2,2,https://www.conservationevidence.com/actions/1779
Q37.3_Click Count,2,2
Q37.3_First Click,2,76.876
Q37.3_Last Click,2,79.869
Q37.3_Page Submit,2,81.145
Q38.1,2,C. Increased survival rates of released individuals
Q38.2,2,https://www.conservationevidence.com/actions/2924
Q38.3_Click Count,2,2
Q38.3_First Click,2,87.869
Q38.3_Last Click,2,88.557
Q38.3_Page Submit,2,90.648
Q39.1,2,D. Increase in shrub abundance or cover
Q39.2,2,https://www.conservationevidence.com/actions/1607
Q39.3_Click Count,2,2
Q39.3_First Click,2,94.824
Q39.3_Last Click,2,97.768
Q39.3_Page Submit,2,99.261
Q4.1,2,B. Completely excluding off-road vehicles and livestock grazing using fencing
Q4.2,2,https://www.conservationevidence.com/actions/3502
Q4.3_Click Count,2,3
Q4.3_First Click,2,17.578
Q4.3_Last Click,2,113.265
Q4.3_Page Submit,2,114.59
Q40.1,2,B. Reduced basal area of trees
Q40.2,2,https://www.conservationevidence.com/actions/1722
Q40.3_Click Count,2,2
Q40.3_First Click,2,134.18
Q40.3_Last Click,2,140.995
Q40.3_Page Submit,2,142.607
Q41.1,2,B. Increased combined macroalgae and invertebrate species diversity
Q41.2,2,https://www.conservationevidence.com/actions/3448
Q41.3_Click Count,2,2
Q41.3_First Click,2,103.036
Q41.3_Last Click,2,117.82
Q41.3_Page Submit,2,119.001
Q42.1,2,A. Increased activity levels and tool use
Q42.2,2,https://www.conservationevidence.com/actions/1320
Q42.3_Click Count,2,
Q42.3_First Click,2,
Q42.3_Last Click,2,
Q42.3_Page Submit,2,
Q43.1,2,B. Increased weed abundance
Q43.2,2,https://www.conservationevidence.com/actions/1399
Q43.3_Click Count,2,2
Q43.3_First Click,2,393.143
Q43.3_Last Click,2,434.392
Q43.3_Page Submit,2,435.979
Q44.1,2,"C. The effectiveness of traditional orchards for bird conservation is currently unknown, with limited evidence showing no clear benefits"
Q44.2,2,https://www.conservationevidence.com/actions/240
Q44.3_Click Count,2,2
Q44.3_First Click,2,91.867
Q44.3_Last Click,2,131.716
Q44.3_Page Submit,2,133.712
Q45.1,2,C. Planting patches of native flowering plants within orchards
Q45.2,2,https://www.conservationevidence.com/actions/17
Q45.3_Click Count,2,2
Q45.3_First Click,2,474.969
Q45.3_Last Click,2,477.937
Q45.3_Page Submit,2,479.545
Q46.1,2,A. Retaining forested corridors with emphasis on their edge habitats
Q46.2,2,https://www.conservationevidence.com/actions/996
Q46.3_Click Count,2,
Q46.3_First Click,2,
Q46.3_Last Click,2,
Q46.3_Page Submit,2,
Q47.1,2,C. The devices were ineffective in deterring any of the studied species from roads
Q47.2,2,https://www.conservationevidence.com/actions/2606
Q47.3_Click Count,2,4
Q47.3_First Click,2,17.134
Q47.3_Last Click,2,54.589
Q47.3_Page Submit,2,56.138
Q48.1,2,B. Enhancing physical barriers around bomas
Q48.2,2,https://www.conservationevidence.com/actions/2417
Q48.3_Click Count,2,2
Q48.3_First Click,2,457.58
Q48.3_Last Click,2,459.115
Q48.3_Page Submit,2,461.625
Q5.1,2,D. Increased mobile invertebrate abundance on structure surfaces
Q5.2,2,https://www.conservationevidence.com/actions/3468
Q5.3_Click Count,2,2
Q5.3_First Click,2,115.399
Q5.3_Last Click,2,116.496
Q5.3_Page Submit,2,117.941
Q6.1,2,B. Colonization by macroalgae and limpets
Q6.2,2,https://www.conservationevidence.com/actions/3435
Q6.3_Click Count,2,2
Q6.3_First Click,2,59.843
Q6.3_Last Click,2,62.563
Q6.3_Page Submit,2,63.767
Q7.1,2,A. Higher plant species richness
Q7.2,2,https://www.conservationevidence.com/actions/3400
Q7.3_Click Count,2,2
Q7.3_First Click,2,55.897
Q7.3_Last Click,2,136.417
Q7.3_Page Submit,2,138.182
Q8.1,2,B. Maintain the vegetation as scrub
Q8.2,2,https://www.conservationevidence.com/actions/31
Q8.3_Click Count,2,2
Q8.3_First Click,2,82.822
Q8.3_Last Click,2,86.878
Q8.3_Page Submit,2,88.515
Q9.1,2,D. Increased plant species richness
Q9.2,2,https://www.conservationevidence.com/actions/3027
Q9.3_Click Count,2,2
Q9.3_First Click,2,82.023
Q9.3_Last Click,2,94.686
Q9.3_Page Submit,2,99.421
Q10.1,3,D. Increasing mesh size in multiple types of fishing gear
Q10.2,3,https://conservationevidence.com/actions/2697
Q10.3_Click Count,3,9
Q10.3_First Click,3,147.39
Q10.3_Last Click,3,4282.617
Q10.3_Page Submit,3,4283.627
Q11.1,3,A. Reduced catch of non-commercial invertebrates
Q11.2,3,https://conservationevidence.com/actions/2131
Q11.3_Click Count,3,4
Q11.3_First Click,3,2.39
Q11.3_Last Click,3,27.661
Q11.3_Page Submit,3,28.582
Q12.1,3,B. Higher invertebrate abundance
Q12.2,3,https://www.conservationevidence.com/actions/2071
Q12.3_Click Count,3,
Q12.3_First Click,3,
Q12.3_Last Click,3,
Q12.3_Page Submit,3,
Q13.1,3,C. More than 90% survival rate
Q13.2,3,https://conservationevidence.com/actions/1818
Q13.3_Click Count,3,4
Q13.3_First Click,3,20.486
Q13.3_Last Click,3,55.796
Q13.3_Page Submit,3,57.217
Q14.1,3,C. Adopt a fallowing period of at least 16 weeks
Q14.2,3,https://conservationevidence.com/actions/1026
Q14.3_Click Count,3,12
Q14.3_First Click,3,24.856
Q14.3_Last Click,3,247.352
Q14.3_Page Submit,3,248.178
Q15.1,3,B. Focusing solely on mechanical pest removal methods
Q15.2,3,guess
Q15.3_Click Count,3,11
Q15.3_First Click,3,77.114
Q15.3_Last Click,3,263.873
Q15.3_Page Submit,3,269.438
Q16.1,3,B. Older plots have more birds and bird species
Q16.2,3,https://conservationevidence.com/actions/1416
Q16.3_Click Count,3,11
Q16.3_First Click,3,46.062
Q16.3_Last Click,3,185.246
Q16.3_Page Submit,3,185.74
Q17.1,3,B. It may reduce water runoff and increase water storage
Q17.2,3,https://conservationevidence.com/actions/907
Q17.3_Click Count,3,8
Q17.3_First Click,3,2.811
Q17.3_Last Click,3,36.395
Q17.3_Page Submit,3,37.278
Q18.1,3,B. Its effectiveness may vary depending on the species and local conditions
Q18.2,3,https://conservationevidence.com/actions/1519
Q18.3_Click Count,3,7
Q18.3_First Click,3,4.335
Q18.3_Last Click,3,142.53
Q18.3_Page Submit,3,143.662
Q19.1,3,"A. Mixed effects on density and height, with reduced survival"
Q19.2,3,https://conservationevidence.com/actions/3352
Q19.3_Click Count,3,7
Q19.3_First Click,3,3.838
Q19.3_Last Click,3,49.408
Q19.3_Page Submit,3,50.445
Q20.1,3,A. Stopping spraying and mowing increases northern pearl crescent abundance
Q20.2,3,https://conservationevidence.com/actions/3855 [but this doesn't directly answer the question]
Q20.3_Click Count,3,11
Q20.3_First Click,3,24.264
Q20.3_Last Click,3,220.487
Q20.3_Page Submit,3,246.642
Q21.1,3,B. Flower patches may not increase bee populations in the wider landscape
Q21.2,3,https://conservationevidence.com/actions/17
Q21.3_Click Count,3,9
Q21.3_First Click,3,4.019
Q21.3_Last Click,3,105.082
Q21.3_Page Submit,3,106.286
Q22.1,3,D. The impacts of group-selection harvesting vary depending on specific forest characteristics and study locations
Q22.2,3,https://conservationevidence.com/actions/1224
Q22.3_Click Count,3,5
Q22.3_First Click,3,1306.684
Q22.3_Last Click,3,1392.038
Q22.3_Page Submit,3,1393.518
Q23.1,3,A. Higher concentrations and higher temperatures
Q23.2,3,https://conservationevidence.com/actions/1118
Q23.3_Click Count,3,7
Q23.3_First Click,3,19.453
Q23.3_Last Click,3,45.252
Q23.3_Page Submit,3,46.16
Q24.1,3,C. Variable responses of different herb species
Q24.2,3,https://conservationevidence.com/actions/1779
Q24.3_Click Count,3,8
Q24.3_First Click,3,1.985
Q24.3_Last Click,3,54.761
Q24.3_Page Submit,3,55.572
Q25.1,3,A. Possible decrease in survival for some shark species
Q25.2,3,https://conservationevidence.com/actions/2699
Q25.3_Click Count,3,10
Q25.3_First Click,3,3.527
Q25.3_Last Click,3,94.557
Q25.3_Page Submit,3,95.876
Q26.1,3,B. It either reduces or does not alter the density of sown forb species
Q26.2,3,https://conservationevidence.com/actions/3433
Q26.3_Click Count,3,14
Q26.3_First Click,3,15.213
Q26.3_Last Click,3,148.075
Q26.3_Page Submit,3,151.942
Q27.1,3,D. Increased plant diversity and species richness
Q27.2,3,https://conservationevidence.com/actions/594
Q27.3_Click Count,3,11
Q27.3_First Click,3,3.954
Q27.3_Last Click,3,62.601
Q27.3_Page Submit,3,63.34
Q28.1,3,D. Increasing both electrical pulse duration and voltage
Q28.2,3,https://conservationevidence.com/actions/1074
Q28.3_Click Count,3,7
Q28.3_First Click,3,7.197
Q28.3_Last Click,3,45.261
Q28.3_Page Submit,3,46.273
Q29.1,3,C. Mackerel
Q29.2,3,https://conservationevidence.com/actions/3612
Q29.3_Click Count,3,4
Q29.3_First Click,3,19.812
Q29.3_Last Click,3,86.247
Q29.3_Page Submit,3,87.554
Q30.1,3,D. Variably effective depending on the species of cleaner wrasse
Q30.2,3,https://conservationevidence.com/actions/738
Q30.3_Click Count,3,9
Q30.3_First Click,3,2.377
Q30.3_Last Click,3,86.175
Q30.3_Page Submit,3,87.709
Q31.1,3,"A. Unknown effectiveness, with mixed results across studies"
Q31.2,3,https://conservationevidence.com/actions/1524
Q31.3_Click Count,3,6
Q31.3_First Click,3,2.59
Q31.3_Last Click,3,36.229
Q31.3_Page Submit,3,37.3
Q32.1,3,B. Leaving the headlands unfertilized
Q32.2,3,https://conservationevidence.com/actions/139
Q32.3_Click Count,3,17
Q32.3_First Click,3,4.099
Q32.3_Last Click,3,281.32
Q32.3_Page Submit,3,282.393
Q33.1,3,A. Increased understory biomass
Q33.2,3,https://conservationevidence.com/actions/1207
Q33.3_Click Count,3,6
Q33.3_First Click,3,3.903
Q33.3_Last Click,3,59.729
Q33.3_Page Submit,3,60.816
Q34.1,3,D. Creation of corridors for reptile movement and habitat connectivity
Q34.2,3,https://conservationevidence.com/actions/3630
Q34.3_Click Count,3,7
Q34.3_First Click,3,2.399
Q34.3_Last Click,3,120.397
Q34.3_Page Submit,3,122.544
Q35.1,3,A. Using shielded 'full cut-off' lights with blinds
Q35.2,3,https://conservationevidence.com/actions/3904
Q35.3_Click Count,3,6
Q35.3_First Click,3,2.506
Q35.3_Last Click,3,67.73
Q35.3_Page Submit,3,68.998
Q36.1,3,A. Guaranteed waste consumption by all bivalve species
Q36.2,3,https://conservationevidence.com/actions/932
Q36.3_Click Count,3,11
Q36.3_First Click,3,5.213
Q36.3_Last Click,3,140.301
Q36.3_Page Submit,3,141.505
Q37.1,3,D. Increase in Sphagnum moss cover
Q37.2,3,https://conservationevidence.com/actions/1779
Q37.3_Click Count,3,8
Q37.3_First Click,3,17.343
Q37.3_Last Click,3,73.566
Q37.3_Page Submit,3,74.9
Q38.1,3,C. Increased survival rates of released individuals
Q38.2,3,https://conservationevidence.com/actions/2924
Q38.3_Click Count,3,5
Q38.3_First Click,3,14.949
Q38.3_Last Click,3,38.006
Q38.3_Page Submit,3,38.34
Q39.1,3,D. Increase in shrub abundance or cover
Q39.2,3,https://conservationevidence.com/actions/1607
Q39.3_Click Count,3,13
Q39.3_First Click,3,5.309
Q39.3_Last Click,3,136.234
Q39.3_Page Submit,3,137.479
Q4.1,3,B. Completely excluding off-road vehicles and livestock grazing using fencing
Q4.2,3,https://conservationevidence.com/actions/3498
Q4.3_Click Count,3,9
Q4.3_First Click,3,3.051
Q4.3_Last Click,3,65.04
Q4.3_Page Submit,3,66.494
Q40.1,3,B. Reduced basal area of trees
Q40.2,3,https://conservationevidence.com/actions/1722
Q40.3_Click Count,3,2
Q40.3_First Click,3,132.795
Q40.3_Last Click,3,135.562
Q40.3_Page Submit,3,149.956
Q41.1,3,B. Increased combined macroalgae and invertebrate species diversity
Q41.2,3,https://conservationevidence.com/actions/3448
Q41.3_Click Count,3,7
Q41.3_First Click,3,22.654
Q41.3_Last Click,3,99.207
Q41.3_Page Submit,3,100.196
Q42.1,3,A. Increased activity levels and tool use
Q42.2,3,https://conservationevidence.com/actions/1320
Q42.3_Click Count,3,6
Q42.3_First Click,3,21.517
Q42.3_Last Click,3,30.846
Q42.3_Page Submit,3,33.48
Q43.1,3,B. Increased weed abundance
Q43.2,3,https://conservationevidence.com/actions/1399
Q43.3_Click Count,3,12
Q43.3_First Click,3,606.617
Q43.3_Last Click,3,762.541
Q43.3_Page Submit,3,763.409
Q44.1,3,"C. The effectiveness of traditional orchards for bird conservation is currently unknown, with limited evidence showing no clear benefits"
Q44.2,3,https://conservationevidence.com/actions/240
Q44.3_Click Count,3,4
Q44.3_First Click,3,4.533
Q44.3_Last Click,3,79.865
Q44.3_Page Submit,3,82.598
Q45.1,3,C. Planting patches of native flowering plants within orchards
Q45.2,3,https://conservationevidence.com/actions/17
Q45.3_Click Count,3,10
Q45.3_First Click,3,21.624
Q45.3_Last Click,3,159.7
Q45.3_Page Submit,3,175.481
Q46.1,3,A. Retaining forested corridors with emphasis on their edge habitats
Q46.2,3,https://www.conservationevidence.com/actions/996
Q46.3_Click Count,3,
Q46.3_First Click,3,
Q46.3_Last Click,3,
Q46.3_Page Submit,3,
Q47.1,3,C. The devices were ineffective in deterring any of the studied species from roads
Q47.2,3,https://www.conservationevidence.com/actions/2606
Q47.3_Click Count,3,
Q47.3_First Click,3,
Q47.3_Last Click,3,
Q47.3_Page Submit,3,
Q48.1,3,B. Enhancing physical barriers around bomas
Q48.2,3,https://conservationevidence.com/synopsis/pdf/20
Q48.3_Click Count,3,8
Q48.3_First Click,3,7.116
Q48.3_Last Click,3,219.436
Q48.3_Page Submit,3,225.195
Q5.1,3,D. Increased mobile invertebrate abundance on structure surfaces
Q5.2,3,https://conservationevidence.com/actions/3468
Q5.3_Click Count,3,7
Q5.3_First Click,3,8.738
Q5.3_Last Click,3,75.944
Q5.3_Page Submit,3,79.487
Q6.1,3,B. Colonization by macroalgae and limpets
Q6.2,3,https://conservationevidence.com/actions/3435
Q6.3_Click Count,3,6
Q6.3_First Click,3,2.236
Q6.3_Last Click,3,49.812
Q6.3_Page Submit,3,51.273
Q7.1,3,A. Higher plant species richness
Q7.2,3,https://conservationevidence.com/actions/3400
Q7.3_Click Count,3,8
Q7.3_First Click,3,3.95
Q7.3_Last Click,3,65.372
Q7.3_Page Submit,3,65.632
Q8.1,3,B. Maintain the vegetation as scrub
Q8.2,3,https://conservationevidence.com/actions/31
Q8.3_Click Count,3,7
Q8.3_First Click,3,7.752
Q8.3_Last Click,3,61.04
Q8.3_Page Submit,3,62.454
Q9.1,3,B. Decreased plant species richness
Q9.2,3,https://conservationevidence.com/actions/3199
Q9.3_Click Count,3,10
Q9.3_First Click,3,3.385
Q9.3_Last Click,3,88.321
Q9.3_Page Submit,3,89.478
Q10.1,4,D. Increasing mesh size in multiple types of fishing gear
Q10.2,4,https://www.conservationevidence.com/actions/2697
Q10.3_Click Count,4,3
Q10.3_First Click,4,751.413
Q10.3_Last Click,4,1010.57
Q10.3_Page Submit,4,1012.218
Q11.1,4,A. Reduced catch of non-commercial invertebrates
Q11.2,4,https://www.conservationevidence.com/actions/2131
Q11.3_Click Count,4,5
Q11.3_First Click,4,5.332
Q11.3_Last Click,4,49.413
Q11.3_Page Submit,4,50.512
Q12.1,4,B. Higher invertebrate abundance
Q12.2,4,https://www.conservationevidence.com/actions/2071
Q12.3_Click Count,4,3
Q12.3_First Click,4,19.26
Q12.3_Last Click,4,126.382
Q12.3_Page Submit,4,127.483
Q13.1,4,C. More than 90% survival rate
Q13.2,4,https://www.conservationevidence.com/actions/1818
Q13.3_Click Count,4,8
Q13.3_First Click,4,5.297
Q13.3_Last Click,4,88.562
Q13.3_Page Submit,4,90.054
Q14.1,4,C. Adopt a fallowing period of at least 16 weeks
Q14.2,4,https://www.conservationevidence.com/actions/1026
Q14.3_Click Count,4,4
Q14.3_First Click,4,12.775
Q14.3_Last Click,4,149.767
Q14.3_Page Submit,4,150.572
Q15.1,4,A. Monitoring parasitism rates to inform spraying decisions
Q15.2,4,https://www.conservationevidence.com/actions/726
Q15.3_Click Count,4,5
Q15.3_First Click,4,15.86
Q15.3_Last Click,4,386.194
Q15.3_Page Submit,4,387.464
Q16.1,4,B. Older plots have more birds and bird species
Q16.2,4,https://www.conservationevidence.com/actions/1416
Q16.3_Click Count,4,
Q16.3_First Click,4,
Q16.3_Last Click,4,
Q16.3_Page Submit,4,
Q17.1,4,B. It may reduce water runoff and increase water storage
Q17.2,4,https://www.conservationevidence.com/actions/907
Q17.3_Click Count,4,3
Q17.3_First Click,4,10.751
Q17.3_Last Click,4,82.026
Q17.3_Page Submit,4,85.79
Q18.1,4,B. Its effectiveness may vary depending on the species and local conditions
Q18.2,4,https://www.conservationevidence.com/actions/1519
Q18.3_Click Count,4,3
Q18.3_First Click,4,11.374
Q18.3_Last Click,4,117.567
Q18.3_Page Submit,4,118.856
Q19.1,4,"A. Mixed effects on density and height, with reduced survival"
Q19.2,4,https://www.conservationevidence.com/actions/3352
Q19.3_Click Count,4,
Q19.3_First Click,4,
Q19.3_Last Click,4,
Q19.3_Page Submit,4,
Q20.1,4,A. Stopping spraying and mowing increases northern pearl crescent abundance
Q20.2,4,https://www.conservationevidence.com/actions/3899
Q20.3_Click Count,4,4
Q20.3_First Click,4,8.519
Q20.3_Last Click,4,162.821
Q20.3_Page Submit,4,163.714
Q21.1,4,B. Flower patches may not increase bee populations in the wider landscape
Q21.2,4,https://www.conservationevidence.com/actions/17
Q21.3_Click Count,4,7
Q21.3_First Click,4,14.231
Q21.3_Last Click,4,192.542
Q21.3_Page Submit,4,194.815
Q22.1,4,D. The impacts of group-selection harvesting vary depending on specific forest characteristics and study locations
Q22.2,4,https://www.conservationevidence.com/actions/1224
Q22.3_Click Count,4,3
Q22.3_First Click,4,12.001
Q22.3_Last Click,4,80.678
Q22.3_Page Submit,4,81.642
Q23.1,4,A. Higher concentrations and higher temperatures
Q23.2,4,https://www.conservationevidence.com/actions/1118
Q23.3_Click Count,4,6
Q23.3_First Click,4,7.218
Q23.3_Last Click,4,104.686
Q23.3_Page Submit,4,114.693
Q24.1,4,C. Variable responses of different herb species
Q24.2,4,https://www.conservationevidence.com/actions/1779
Q24.3_Click Count,4,2
Q24.3_First Click,4,138.073
Q24.3_Last Click,4,149.651
Q24.3_Page Submit,4,151.735
Q25.1,4,A. Possible decrease in survival for some shark species
Q25.2,4,https://www.conservationevidence.com/actions/2699
Q25.3_Click Count,4,2
Q25.3_First Click,4,115.089
Q25.3_Last Click,4,142.771
Q25.3_Page Submit,4,144.064
Q26.1,4,B. It either reduces or does not alter the density of sown forb species
Q26.2,4,https://www.conservationevidence.com/actions/3433
Q26.3_Click Count,4,2
Q26.3_First Click,4,48.033
Q26.3_Last Click,4,53.796
Q26.3_Page Submit,4,54.943
Q27.1,4,D. Increased plant diversity and species richness
Q27.2,4,https://www.conservationevidence.com/actions/594
Q27.3_Click Count,4,4
Q27.3_First Click,4,17.86
Q27.3_Last Click,4,117.605
Q27.3_Page Submit,4,118.664
Q28.1,4,D. Increasing both electrical pulse duration and voltage
Q28.2,4,https://www.conservationevidence.com/actions/1074
Q28.3_Click Count,4,4
Q28.3_First Click,4,296.033
Q28.3_Last Click,4,334.522
Q28.3_Page Submit,4,335.889
Q29.1,4,B. Soap
Q29.2,4,https://www.conservationevidence.com/actions/3613
Q29.3_Click Count,4,3
Q29.3_First Click,4,70.992
Q29.3_Last Click,4,88.318
Q29.3_Page Submit,4,89.419
Q30.1,4,D. Variably effective depending on the species of cleaner wrasse
Q30.2,4,https://www.conservationevidence.com/actions/738
Q30.3_Click Count,4,4
Q30.3_First Click,4,30.013
Q30.3_Last Click,4,84.103
Q30.3_Page Submit,4,85.355
Q31.1,4,"A. Unknown effectiveness, with mixed results across studies"
Q31.2,4,https://www.conservationevidence.com/actions/1524
Q31.3_Click Count,4,5
Q31.3_First Click,4,2.01
Q31.3_Last Click,4,102.629
Q31.3_Page Submit,4,104.028
Q32.1,4,B. Leaving the headlands unfertilized
Q32.2,4,https://www.conservationevidence.com/actions/652
Q32.3_Click Count,4,6
Q32.3_First Click,4,7.129
Q32.3_Last Click,4,120.099
Q32.3_Page Submit,4,121.23
Q33.1,4,A. Increased understory biomass
Q33.2,4,https://www.conservationevidence.com/actions/1207
Q33.3_Click Count,4,4
Q33.3_First Click,4,10.622
Q33.3_Last Click,4,69.546
Q33.3_Page Submit,4,80.87
Q34.1,4,D. Creation of corridors for reptile movement and habitat connectivity
Q34.2,4,https://www.conservationevidence.com/actions/3586
Q34.3_Click Count,4,4
Q34.3_First Click,4,14.712
Q34.3_Last Click,4,115.527
Q34.3_Page Submit,4,128.278
Q35.1,4,A. Using shielded 'full cut-off' lights with blinds
Q35.2,4,https://www.conservationevidence.com/actions/3904
Q35.3_Click Count,4,5
Q35.3_First Click,4,10.579
Q35.3_Last Click,4,309.14
Q35.3_Page Submit,4,311.038
Q36.1,4,A. Guaranteed waste consumption by all bivalve species
Q36.2,4,https://www.conservationevidence.com/actions/932
Q36.3_Click Count,4,9
Q36.3_First Click,4,13.525
Q36.3_Last Click,4,86.896
Q36.3_Page Submit,4,88.3
Q37.1,4,D. Increase in Sphagnum moss cover
Q37.2,4,https://www.conservationevidence.com/actions/1779
Q37.3_Click Count,4,3
Q37.3_First Click,4,55.898
Q37.3_Last Click,4,61.993
Q37.3_Page Submit,4,73.948
Q38.1,4,C. Increased survival rates of released individuals
Q38.2,4,https://www.conservationevidence.com/actions/2924
Q38.3_Click Count,4,12
Q38.3_First Click,4,4.885
Q38.3_Last Click,4,345.145
Q38.3_Page Submit,4,346.475
Q39.1,4,D. Increase in shrub abundance or cover
Q39.2,4,https://www.conservationevidence.com/actions/1607
Q39.3_Click Count,4,4
Q39.3_First Click,4,117.424
Q39.3_Last Click,4,3340.867
Q39.3_Page Submit,4,3341.76
Q4.1,4,B. Completely excluding off-road vehicles and livestock grazing using fencing
Q4.2,4,https://www.conservationevidence.com/actions/3502
Q4.3_Click Count,4,4
Q4.3_First Click,4,20.663
Q4.3_Last Click,4,106.449
Q4.3_Page Submit,4,107.85
Q40.1,4,B. Reduced basal area of trees
Q40.2,4,https://www.conservationevidence.com/actions/1722
Q40.3_Click Count,4,4
Q40.3_First Click,4,12.786
Q40.3_Last Click,4,90.211
Q40.3_Page Submit,4,90.537
Q41.1,4,B. Increased combined macroalgae and invertebrate species diversity
Q41.2,4,https://www.conservationevidence.com/actions/3448
Q41.3_Click Count,4,5
Q41.3_First Click,4,66.45
Q41.3_Last Click,4,168.014
Q41.3_Page Submit,4,169.834
Q42.1,4,A. Increased activity levels and tool use
Q42.2,4,https://www.conservationevidence.com/actions/1320
Q42.3_Click Count,4,
Q42.3_First Click,4,
Q42.3_Last Click,4,
Q42.3_Page Submit,4,
Q43.1,4,B. Increased weed abundance
Q43.2,4,https://www.conservationevidence.com/actions/126
Q43.3_Click Count,4,7
Q43.3_First Click,4,1442.14
Q43.3_Last Click,4,1795.731
Q43.3_Page Submit,4,1796.997
Q44.1,4,"C. The effectiveness of traditional orchards for bird conservation is currently unknown, with limited evidence showing no clear benefits"
Q44.2,4,https://www.conservationevidence.com/actions/240
Q44.3_Click Count,4,7
Q44.3_First Click,4,16.509
Q44.3_Last Click,4,562.893
Q44.3_Page Submit,4,564.329
Q45.1,4,C. Planting patches of native flowering plants within orchards
Q45.2,4,https://www.conservationevidence.com/actions/17
Q45.3_Click Count,4,4
Q45.3_First Click,4,11.647
Q45.3_Last Click,4,330.414
Q45.3_Page Submit,4,331.821
Q46.1,4,A. Retaining forested corridors with emphasis on their edge habitats
Q46.2,4,https://www.conservationevidence.com/actions/996
Q46.3_Click Count,4,2
Q46.3_First Click,4,124.063
Q46.3_Last Click,4,131.136
Q46.3_Page Submit,4,132.304
Q47.1,4,C. The devices were ineffective in deterring any of the studied species from roads
Q47.2,4,https://www.conservationevidence.com/actions/2606
Q47.3_Click Count,4,6
Q47.3_First Click,4,28.376
Q47.3_Last Click,4,88.623
Q47.3_Page Submit,4,90.056
Q48.1,4,B. Enhancing physical barriers around bomas
Q48.2,4,https://www.conservationevidence.com/actions/2415 and https://www.conservationevidence.com/actions/2417
Q48.3_Click Count,4,3
Q48.3_First Click,4,343.4
Q48.3_Last Click,4,350.282
Q48.3_Page Submit,4,354.681
Q5.1,4,D. Increased mobile invertebrate abundance on structure surfaces
Q5.2,4,https://www.conservationevidence.com/actions/3468
Q5.3_Click Count,4,5
Q5.3_First Click,4,7.688
Q5.3_Last Click,4,410.898
Q5.3_Page Submit,4,415.714
Q6.1,4,B. Colonization by macroalgae and limpets
Q6.2,4,https://www.conservationevidence.com/actions/3435
Q6.3_Click Count,4,5
Q6.3_First Click,4,13.38
Q6.3_Last Click,4,111.984
Q6.3_Page Submit,4,113.779
Q7.1,4,A. Higher plant species richness
Q7.2,4,https://www.conservationevidence.com/actions/3400
Q7.3_Click Count,4,
Q7.3_First Click,4,
Q7.3_Last Click,4,
Q7.3_Page Submit,4,
Q8.1,4,B. Maintain the vegetation as scrub
Q8.2,4,https://www.conservationevidence.com/actions/31
Q8.3_Click Count,4,3
Q8.3_First Click,4,8.2
Q8.3_Last Click,4,79.364
Q8.3_Page Submit,4,80.665
Q9.1,4,D. Increased plant species richness
Q9.2,4,https://www.conservationevidence.com/actions/3027
Q9.3_Click Count,4,2
Q9.3_First Click,4,108.204
Q9.3_Last Click,4,112.255
Q9.3_Page Submit,4,113.614
Q10.1,5,D. Increasing mesh size in multiple types of fishing gear
Q10.2,5,https://www.conservationevidence.com/actions/2697
Q10.3_Click Count,5,3
Q10.3_First Click,5,1198.358
Q10.3_Last Click,5,1202.81
Q10.3_Page Submit,5,1203.55
Q11.1,5,A. Reduced catch of non-commercial invertebrates
Q11.2,5,https://www.conservationevidence.com/actions/2131
Q11.3_Click Count,5,2
Q11.3_First Click,5,155.809
Q11.3_Last Click,5,172.961
Q11.3_Page Submit,5,174.957
Q12.1,5,B. Higher invertebrate abundance
Q12.2,5,https://www.conservationevidence.com/actions/2071
Q12.3_Click Count,5,
Q12.3_First Click,5,
Q12.3_Last Click,5,
Q12.3_Page Submit,5,
Q13.1,5,C. More than 90% survival rate
Q13.2,5,https://www.conservationevidence.com/actions/1818
Q13.3_Click Count,5,5
Q13.3_First Click,5,6.099
Q13.3_Last Click,5,299.363
Q13.3_Page Submit,5,300.059
Q14.1,5,C. Adopt a fallowing period of at least 16 weeks
Q14.2,5,https://www.conservationevidence.com/actions/1026
Q14.3_Click Count,5,4
Q14.3_First Click,5,283.2
Q14.3_Last Click,5,316.443
Q14.3_Page Submit,5,317.355
Q15.1,5,A. Monitoring parasitism rates to inform spraying decisions
Q15.2,5,https://www.conservationevidence.com/actions/726
Q15.3_Click Count,5,10
Q15.3_First Click,5,2.93
Q15.3_Last Click,5,899.963
Q15.3_Page Submit,5,901.857
Q16.1,5,B. Older plots have more birds and bird species
Q16.2,5,https://www.conservationevidence.com/actions/1416
Q16.3_Click Count,5,
Q16.3_First Click,5,
Q16.3_Last Click,5,
Q16.3_Page Submit,5,
Q17.1,5,B. It may reduce water runoff and increase water storage
Q17.2,5,https://www.conservationevidence.com/actions/907
Q17.3_Click Count,5,3
Q17.3_First Click,5,125.782
Q17.3_Last Click,5,214.256
Q17.3_Page Submit,5,218.219
Q18.1,5,B. Its effectiveness may vary depending on the species and local conditions
Q18.2,5,https://www.conservationevidence.com/actions/1519
Q18.3_Click Count,5,4
Q18.3_First Click,5,103.499
Q18.3_Last Click,5,145.959
Q18.3_Page Submit,5,146.718
Q19.1,5,"A. Mixed effects on density and height, with reduced survival"
Q19.2,5,https://www.conservationevidence.com/actions/3352
Q19.3_Click Count,5,4
Q19.3_First Click,5,319.462
Q19.3_Last Click,5,325.237
Q19.3_Page Submit,5,327.203
Q20.1,5,A. Stopping spraying and mowing increases northern pearl crescent abundance
Q20.2,5,https://www.conservationevidence.com/actions/3855
Q20.3_Click Count,5,3
Q20.3_First Click,5,292.93
Q20.3_Last Click,5,363.325
Q20.3_Page Submit,5,364.415
Q21.1,5,B. Flower patches may not increase bee populations in the wider landscape
Q21.2,5,https://www.conservationevidence.com/actions/17#
Q21.3_Click Count,5,6
Q21.3_First Click,5,306.644
Q21.3_Last Click,5,674.988
Q21.3_Page Submit,5,676.016
Q22.1,5,D. The impacts of group-selection harvesting vary depending on specific forest characteristics and study locations
Q22.2,5,https://www.conservationevidence.com/actions/1224
Q22.3_Click Count,5,10
Q22.3_First Click,5,1.858
Q22.3_Last Click,5,456.978
Q22.3_Page Submit,5,457.674
Q23.1,5,A. Higher concentrations and higher temperatures
Q23.2,5,https://www.conservationevidence.com/actions/1118
Q23.3_Click Count,5,7
Q23.3_First Click,5,11.074
Q23.3_Last Click,5,547.798
Q23.3_Page Submit,5,548.58
Q24.1,5,C. Variable responses of different herb species
Q24.2,5,https://www.conservationevidence.com/actions/1779
Q24.3_Click Count,5,4
Q24.3_First Click,5,295.404
Q24.3_Last Click,5,303.462
Q24.3_Page Submit,5,305.578
Q25.1,5,A. Possible decrease in survival for some shark species
Q25.2,5,https://www.conservationevidence.com/actions/2699
Q25.3_Click Count,5,3
Q25.3_First Click,5,247.367
Q25.3_Last Click,5,252.679
Q25.3_Page Submit,5,255.225
Q26.1,5,B. It either reduces or does not alter the density of sown forb species
Q26.2,5,https://www.conservationevidence.com/actions/3433
Q26.3_Click Count,5,4
Q26.3_First Click,5,35.716
Q26.3_Last Click,5,42.499
Q26.3_Page Submit,5,43.249
Q27.1,5,D. Increased plant diversity and species richness
Q27.2,5,https://www.conservationevidence.com/actions/594#
Q27.3_Click Count,5,3
Q27.3_First Click,5,741.099
Q27.3_Last Click,5,811.621
Q27.3_Page Submit,5,813.455
Q28.1,5,D. Increasing both electrical pulse duration and voltage
Q28.2,5,https://www.conservationevidence.com/actions/1074
Q28.3_Click Count,5,4
Q28.3_First Click,5,85.632
Q28.3_Last Click,5,93.415
Q28.3_Page Submit,5,94.146
Q29.1,5,C. Mackerel
Q29.2,5,https://www.conservationevidence.com/actions/3612
Q29.3_Click Count,5,3
Q29.3_First Click,5,202.683
Q29.3_Last Click,5,367.292
Q29.3_Page Submit,5,369.331
Q30.1,5,D. Variably effective depending on the species of cleaner wrasse
Q30.2,5,https://www.conservationevidence.com/actions/738
Q30.3_Click Count,5,7
Q30.3_First Click,5,3.405
Q30.3_Last Click,5,133.22
Q30.3_Page Submit,5,135.539
Q31.1,5,"A. Unknown effectiveness, with mixed results across studies"
Q31.2,5,https://www.conservationevidence.com/actions/1524
Q31.3_Click Count,5,6
Q31.3_First Click,5,4.527
Q31.3_Last Click,5,108.643
Q31.3_Page Submit,5,109.583
Q32.1,5,B. Leaving the headlands unfertilized
Q32.2,5,https://www.conservationevidence.com/actions/652
Q32.3_Click Count,5,2
Q32.3_First Click,5,847.752
Q32.3_Last Click,5,850.297
Q32.3_Page Submit,5,852.004
Q33.1,5,A. Increased understory biomass
Q33.2,5,https://www.conservationevidence.com/actions/1207
Q33.3_Click Count,5,3
Q33.3_First Click,5,73.744
Q33.3_Last Click,5,84.009
Q33.3_Page Submit,5,86.218
Q34.1,5,D. Creation of corridors for reptile movement and habitat connectivity
Q34.2,5,https://www.conservationevidence.com/actions/3586
Q34.3_Click Count,5,3
Q34.3_First Click,5,171.33
Q34.3_Last Click,5,172.429
Q34.3_Page Submit,5,174.929
Q35.1,5,A. Using shielded 'full cut-off' lights with blinds
Q35.2,5,https://www.conservationevidence.com/actions/3904
Q35.3_Click Count,5,10
Q35.3_First Click,5,423.934
Q35.3_Last Click,5,430.959
Q35.3_Page Submit,5,431.526
Q36.1,5,A. Guaranteed waste consumption by all bivalve species
Q36.2,5,https://www.conservationevidence.com/actions/932
Q36.3_Click Count,5,4
Q36.3_First Click,5,244.154
Q36.3_Last Click,5,420.834
Q36.3_Page Submit,5,423.589
Q37.1,5,D. Increase in Sphagnum moss cover
Q37.2,5,https://www.conservationevidence.com/actions/1779
Q37.3_Click Count,5,6
Q37.3_First Click,5,3.515
Q37.3_Last Click,5,103.474
Q37.3_Page Submit,5,104.056
Q38.1,5,C. Increased survival rates of released individuals
Q38.2,5,https://www.conservationevidence.com/actions/2924
Q38.3_Click Count,5,3
Q38.3_First Click,5,202.483
Q38.3_Last Click,5,207.04
Q38.3_Page Submit,5,209.754
Q39.1,5,D. Increase in shrub abundance or cover
Q39.2,5,https://www.conservationevidence.com/actions/1607
Q39.3_Click Count,5,
Q39.3_First Click,5,
Q39.3_Last Click,5,
Q39.3_Page Submit,5,
Q4.1,5,B. Completely excluding off-road vehicles and livestock grazing using fencing
Q4.2,5,https://www.conservationevidence.com/actions/3498
Q4.3_Click Count,5,10
Q4.3_First Click,5,8.004
Q4.3_Last Click,5,213.5
Q4.3_Page Submit,5,214.139
Q40.1,5,B. Reduced basal area of trees
Q40.2,5,https://www.conservationevidence.com/actions/1722
Q40.3_Click Count,5,3
Q40.3_First Click,5,1858.027
Q40.3_Last Click,5,1872.209
Q40.3_Page Submit,5,1872.831
Q41.1,5,B. Increased combined macroalgae and invertebrate species diversity
Q41.2,5,https://www.conservationevidence.com/actions/3448
Q41.3_Click Count,5,5
Q41.3_First Click,5,178.322
Q41.3_Last Click,5,193.946
Q41.3_Page Submit,5,196.096
Q42.1,5,A. Increased activity levels and tool use
Q42.2,5,https://www.conservationevidence.com/actions/1320
Q42.3_Click Count,5,5
Q42.3_First Click,5,82.428
Q42.3_Last Click,5,108.964
Q42.3_Page Submit,5,109.495
Q43.1,5,B. Increased weed abundance
Q43.2,5,https://www.conservationevidence.com/actions/1399
Q43.3_Click Count,5,3
Q43.3_First Click,5,721.452
Q43.3_Last Click,5,724.772
Q43.3_Page Submit,5,726.361
Q44.1,5,"C. The effectiveness of traditional orchards for bird conservation is currently unknown, with limited evidence showing no clear benefits"
Q44.2,5,https://www.conservationevidence.com/actions/240
Q44.3_Click Count,5,5
Q44.3_First Click,5,8.152
Q44.3_Last Click,5,197
Q44.3_Page Submit,5,197.882
Q45.1,5,C. Planting patches of native flowering plants within orchards
Q45.2,5,https://www.conservationevidence.com/actions/17
Q45.3_Click Count,5,4
Q45.3_First Click,5,242.937
Q45.3_Last Click,5,253.289
Q45.3_Page Submit,5,254.142
Q46.1,5,A. Retaining forested corridors with emphasis on their edge habitats
Q46.2,5,https://www.conservationevidence.com/actions/996
Q46.3_Click Count,5,4
Q46.3_First Click,5,550.757
Q46.3_Last Click,5,897.604
Q46.3_Page Submit,5,899.766
Q47.1,5,C. The devices were ineffective in deterring any of the studied species from roads
Q47.2,5,https://www.conservationevidence.com/actions/2606
Q47.3_Click Count,5,5
Q47.3_First Click,5,161.139
Q47.3_Last Click,5,198.626
Q47.3_Page Submit,5,203.657
Q48.1,5,B. Enhancing physical barriers around bomas
Q48.2,5,https://www.conservationevidence.com/data/index?pp=100&synopsis_id%5B%5D=36&terms=human-wildlife+conflict&country%5B%5D=&result_type=interventions&sort=relevance.desc#searchcontainer
Q48.3_Click Count,5,4
Q48.3_First Click,5,12.968
Q48.3_Last Click,5,1154.127
Q48.3_Page Submit,5,1156.175
Q5.1,5,D. Increased mobile invertebrate abundance on structure surfaces
Q5.2,5,https://www.conservationevidence.com/actions/3468
Q5.3_Click Count,5,4
Q5.3_First Click,5,127.235
Q5.3_Last Click,5,134.451
Q5.3_Page Submit,5,135.582
Q6.1,5,B. Colonization by macroalgae and limpets
Q6.2,5,https://www.conservationevidence.com/actions/3435
Q6.3_Click Count,5,
Q6.3_First Click,5,
Q6.3_Last Click,5,
Q6.3_Page Submit,5,
Q7.1,5,A. Higher plant species richness
Q7.2,5,https://www.conservationevidence.com/actions/3400
Q7.3_Click Count,5,4
Q7.3_First Click,5,86.012
Q7.3_Last Click,5,93.531
Q7.3_Page Submit,5,112.976
Q8.1,5,B. Maintain the vegetation as scrub
Q8.2,5,https://www.conservationevidence.com/actions/31
Q8.3_Click Count,5,5
Q8.3_First Click,5,64.274
Q8.3_Last Click,5,201.527
Q8.3_Page Submit,5,204.107
Q9.1,5,D. Increased plant species richness
Q9.2,5,https://www.conservationevidence.com/actions/3027
Q9.3_Click Count,5,3
Q9.3_First Click,5,277.19
Q9.3_Last Click,5,278.302
Q9.3_Page Submit,5,280.418
Q10.1,6,D. Increasing mesh size in multiple types of fishing gear
Q10.2,6,https://www.conservationevidence.com/actions/2697
Q10.3_Click Count,6,2
Q10.3_First Click,6,245.56
Q10.3_Last Click,6,253.579
Q10.3_Page Submit,6,255.352
Q11.1,6,A. Reduced catch of non-commercial invertebrates
Q11.2,6,https://www.conservationevidence.com/actions/2131
Q11.3_Click Count,6,3
Q11.3_First Click,6,9.788
Q11.3_Last Click,6,78.565
Q11.3_Page Submit,6,80.325
Q12.1,6,B. Higher invertebrate abundance
Q12.2,6,https://www.conservationevidence.com/actions/2071
Q12.3_Click Count,6,3
Q12.3_First Click,6,143.571
Q12.3_Last Click,6,148.347
Q12.3_Page Submit,6,149.764
Q13.1,6,C. More than 90% survival rate
Q13.2,6,https://www.conservationevidence.com/actions/1818
Q13.3_Click Count,6,2
Q13.3_First Click,6,144.101
Q13.3_Last Click,6,148.44
Q13.3_Page Submit,6,149.995
Q14.1,6,C. Adopt a fallowing period of at least 16 weeks
Q14.2,6,https://www.conservationevidence.com/actions/1026
Q14.3_Click Count,6,2
Q14.3_First Click,6,507.921
Q14.3_Last Click,6,524.194
Q14.3_Page Submit,6,526.137
Q15.1,6,A. Monitoring parasitism rates to inform spraying decisions
Q15.2,6,https://www.conservationevidence.com/actions/726
Q15.3_Click Count,6,2
Q15.3_First Click,6,1053.308
Q15.3_Last Click,6,1054.17
Q15.3_Page Submit,6,1056.076
Q16.1,6,B. Older plots have more birds and bird species
Q16.2,6,https://www.conservationevidence.com/actions/1416
Q16.3_Click Count,6,2
Q16.3_First Click,6,189.719
Q16.3_Last Click,6,259.857
Q16.3_Page Submit,6,261.223
Q17.1,6,B. It may reduce water runoff and increase water storage
Q17.2,6,https://www.conservationevidence.com/actions/907
Q17.3_Click Count,6,2
Q17.3_First Click,6,343.505
Q17.3_Last Click,6,351.074
Q17.3_Page Submit,6,352.897
Q18.1,6,B. Its effectiveness may vary depending on the species and local conditions
Q18.2,6,https://www.conservationevidence.com/actions/1519
Q18.3_Click Count,6,2
Q18.3_First Click,6,90.521
Q18.3_Last Click,6,91.382
Q18.3_Page Submit,6,92.814
Q19.1,6,"A. Mixed effects on density and height, with reduced survival"
Q19.2,6,https://www.conservationevidence.com/actions/3352
Q19.3_Click Count,6,2
Q19.3_First Click,6,65.228
Q19.3_Last Click,6,69.07
Q19.3_Page Submit,6,70.548
Q20.1,6,A. Stopping spraying and mowing increases northern pearl crescent abundance
Q20.2,6,https://www.conservationevidence.com/actions/3855
Q20.3_Click Count,6,3
Q20.3_First Click,6,113.969
Q20.3_Last Click,6,243.7
Q20.3_Page Submit,6,245.317
Q21.1,6,B. Flower patches may not increase bee populations in the wider landscape
Q21.2,6,https://www.conservationevidence.com/actions/17
Q21.3_Click Count,6,2
Q21.3_First Click,6,176.216
Q21.3_Last Click,6,177.346
Q21.3_Page Submit,6,178.742
Q22.1,6,D. The impacts of group-selection harvesting vary depending on specific forest characteristics and study locations
Q22.2,6,https://www.conservationevidence.com/actions/1224
Q22.3_Click Count,6,2
Q22.3_First Click,6,89.509
Q22.3_Last Click,6,90.288
Q22.3_Page Submit,6,94.32
Q23.1,6,A. Higher concentrations and higher temperatures
Q23.2,6,https://www.conservationevidence.com/actions/1118
Q23.3_Click Count,6,2
Q23.3_First Click,6,48.052
Q23.3_Last Click,6,58.095
Q23.3_Page Submit,6,59.305
Q24.1,6,C. Variable responses of different herb species
Q24.2,6,https://www.conservationevidence.com/actions/1779
Q24.3_Click Count,6,2
Q24.3_First Click,6,154.438
Q24.3_Last Click,6,191.229
Q24.3_Page Submit,6,192.646
Q25.1,6,A. Possible decrease in survival for some shark species
Q25.2,6,https://www.conservationevidence.com/actions/2699
Q25.3_Click Count,6,2
Q25.3_First Click,6,4774.118
Q25.3_Last Click,6,4778.112
Q25.3_Page Submit,6,4779.37
Q26.1,6,B. It either reduces or does not alter the density of sown forb species
Q26.2,6,https://www.conservationevidence.com/actions/3433
Q26.3_Click Count,6,2
Q26.3_First Click,6,95.89
Q26.3_Last Click,6,99.788
Q26.3_Page Submit,6,101.937
Q27.1,6,D. Increased plant diversity and species richness
Q27.2,6,https://www.conservationevidence.com/actions/594
Q27.3_Click Count,6,2
Q27.3_First Click,6,134.825
Q27.3_Last Click,6,142.588
Q27.3_Page Submit,6,144.005
Q28.1,6,D. Increasing both electrical pulse duration and voltage
Q28.2,6,https://www.conservationevidence.com/actions/1074
Q28.3_Click Count,6,2
Q28.3_First Click,6,65.387
Q28.3_Last Click,6,66.562
Q28.3_Page Submit,6,67.854
Q29.1,6,C. Mackerel
Q29.2,6,https://www.conservationevidence.com/actions/3612
Q29.3_Click Count,6,2
Q29.3_First Click,6,125.508
Q29.3_Last Click,6,129.119
Q29.3_Page Submit,6,130.629
Q30.1,6,D. Variably effective depending on the species of cleaner wrasse
Q30.2,6,https://www.conservationevidence.com/actions/738
Q30.3_Click Count,6,
Q30.3_First Click,6,
Q30.3_Last Click,6,
Q30.3_Page Submit,6,
Q31.1,6,"A. Unknown effectiveness, with mixed results across studies"
Q31.2,6,https://www.conservationevidence.com/actions/1524
Q31.3_Click Count,6,2
Q31.3_First Click,6,80.773
Q31.3_Last Click,6,84.47
Q31.3_Page Submit,6,85.996
Q32.1,6,B. Leaving the headlands unfertilized
Q32.2,6,https://www.conservationevidence.com/actions/652
Q32.3_Click Count,6,
Q32.3_First Click,6,
Q32.3_Last Click,6,
Q32.3_Page Submit,6,
Q33.1,6,A. Increased understory biomass
Q33.2,6,https://www.conservationevidence.com/actions/1207
Q33.3_Click Count,6,2
Q33.3_First Click,6,113.603
Q33.3_Last Click,6,117.556
Q33.3_Page Submit,6,118.953
Q34.1,6,D. Creation of corridors for reptile movement and habitat connectivity
Q34.2,6,https://www.conservationevidence.com/actions/3586
Q34.3_Click Count,6,2
Q34.3_First Click,6,172.073
Q34.3_Last Click,6,174.021
Q34.3_Page Submit,6,175.391
Q35.1,6,A. Using shielded 'full cut-off' lights with blinds
Q35.2,6,https://www.conservationevidence.com/actions/3904
Q35.3_Click Count,6,2
Q35.3_First Click,6,133.561
Q35.3_Last Click,6,134.55
Q35.3_Page Submit,6,136.128
Q36.1,6,C. Improved water quality around fish farms
Q36.2,6,https://www.conservationevidence.com/actions/932
Q36.3_Click Count,6,2
Q36.3_First Click,6,112.7
Q36.3_Last Click,6,130.013
Q36.3_Page Submit,6,131.565
Q37.1,6,D. Increase in Sphagnum moss cover
Q37.2,6,https://www.conservationevidence.com/actions/1779
Q37.3_Click Count,6,2
Q37.3_First Click,6,58.845
Q37.3_Last Click,6,62.804
Q37.3_Page Submit,6,64.083
Q38.1,6,C. Increased survival rates of released individuals
Q38.2,6,https://www.conservationevidence.com/actions/2924
Q38.3_Click Count,6,2
Q38.3_First Click,6,181.768
Q38.3_Last Click,6,185.222
Q38.3_Page Submit,6,186.631
Q39.1,6,D. Increase in shrub abundance or cover
Q39.2,6,https://www.conservationevidence.com/actions/1607
Q39.3_Click Count,6,2
Q39.3_First Click,6,167.548
Q39.3_Last Click,6,191.834
Q39.3_Page Submit,6,193.17
Q4.1,6,B. Completely excluding off-road vehicles and livestock grazing using fencing
Q4.2,6,https://www.conservationevidence.com/actions/3502
Q4.3_Click Count,6,3
Q4.3_First Click,6,7.617
Q4.3_Last Click,6,102.486
Q4.3_Page Submit,6,103.844
Q40.1,6,B. Reduced basal area of trees
Q40.2,6,https://www.conservationevidence.com/actions/1722
Q40.3_Click Count,6,2
Q40.3_First Click,6,2272.209
Q40.3_Last Click,6,2277.806
Q40.3_Page Submit,6,2279.71
Q41.1,6,B. Increased combined macroalgae and invertebrate species diversity
Q41.2,6,https://www.conservationevidence.com/actions/3448
Q41.3_Click Count,6,2
Q41.3_First Click,6,106.033
Q41.3_Last Click,6,109.471
Q41.3_Page Submit,6,110.684
Q42.1,6,A. Increased activity levels and tool use
Q42.2,6,https://www.conservationevidence.com/actions/1320
Q42.3_Click Count,6,2
Q42.3_First Click,6,66.886
Q42.3_Last Click,6,70.997
Q42.3_Page Submit,6,72.251
Q43.1,6,B. Increased weed abundance
Q43.2,6,https://www.conservationevidence.com/actions/126
Q43.3_Click Count,6,2
Q43.3_First Click,6,134.691
Q43.3_Last Click,6,236.776
Q43.3_Page Submit,6,237.996
Q44.1,6,"C. The effectiveness of traditional orchards for bird conservation is currently unknown, with limited evidence showing no clear benefits"
Q44.2,6,https://www.conservationevidence.com/actions/240
Q44.3_Click Count,6,2
Q44.3_First Click,6,48.46
Q44.3_Last Click,6,99.084
Q44.3_Page Submit,6,100.574
Q45.1,6,C. Planting patches of native flowering plants within orchards
Q45.2,6,https://www.conservationevidence.com/actions/17
Q45.3_Click Count,6,2
Q45.3_First Click,6,183.202
Q45.3_Last Click,6,186.94
Q45.3_Page Submit,6,188.622
Q46.1,6,A. Retaining forested corridors with emphasis on their edge habitats
Q46.2,6,https://www.conservationevidence.com/actions/996
Q46.3_Click Count,6,
Q46.3_First Click,6,
Q46.3_Last Click,6,
Q46.3_Page Submit,6,
Q47.1,6,C. The devices were ineffective in deterring any of the studied species from roads
Q47.2,6,https://www.conservationevidence.com/actions/2606
Q47.3_Click Count,6,2
Q47.3_First Click,6,68.846
Q47.3_Last Click,6,69.943
Q47.3_Page Submit,6,71.61
Q48.1,6,B. Enhancing physical barriers around bomas
Q48.2,6,https://www.conservationevidence.com/actions/2415
Q48.3_Click Count,6,2
Q48.3_First Click,6,486.365
Q48.3_Last Click,6,487.73
Q48.3_Page Submit,6,521.034
Q5.1,6,D. Increased mobile invertebrate abundance on structure surfaces
Q5.2,6,https://www.conservationevidence.com/actions/3468
Q5.3_Click Count,6,2
Q5.3_First Click,6,120.417
Q5.3_Last Click,6,127.043
Q5.3_Page Submit,6,128.686
Q6.1,6,B. Colonization by macroalgae and limpets
Q6.2,6,https://www.conservationevidence.com/actions/3435
Q6.3_Click Count,6,2
Q6.3_First Click,6,86.074
Q6.3_Last Click,6,91.378
Q6.3_Page Submit,6,93.011
Q7.1,6,A. Higher plant species richness
Q7.2,6,https://www.conservationevidence.com/actions/3400
Q7.3_Click Count,6,2
Q7.3_First Click,6,528.722
Q7.3_Last Click,6,562.165
Q7.3_Page Submit,6,564.028
Q8.1,6,B. Maintain the vegetation as scrub
Q8.2,6,https://www.conservationevidence.com/actions/31
Q8.3_Click Count,6,
Q8.3_First Click,6,
Q8.3_Last Click,6,
Q8.3_Page Submit,6,
Q9.1,6,D. Increased plant species richness
Q9.2,6,https://www.conservationevidence.com/actions/3027
Q9.3_Click Count,6,2
Q9.3_First Click,6,58.726
Q9.3_Last Click,6,78.456
Q9.3_Page Submit,6,79.664
